<application>
  <component name="CodeInsightSettings">
    <option name="completionCaseSensitive" value="2" />
    <option name="AUTO_POPUP_JAVADOC_INFO" value="true" />
    <option name="COMPLETION_CASE_SENSITIVE" value="2" />
    <option name="ADD_UNAMBIGIOUS_IMPORTS_ON_THE_FLY" value="true" />
  </component>
  <component name="EditorSettings">
    <option name="USE_SOFT_WRAPS" value="" />
    <option name="SOFT_WRAP_FILE_MASKS" value="*.md; *.txt; *.rst; *.adoc" />
    <option name="TOOLTIPS_DELAY_MS" value="200" />
  </component>
  <component name="InlayHintsSettings">
    <option name="lastViewedProviderKeyId" value="KotlinReferencesTypeHintsProvider" />
    <settingsMapElement>
      <kotlin.KotlinReferencesTypeHintsProvider>
        <Settings>
          <option name="localVariableType" value="true" />
        </Settings>
      </kotlin.KotlinReferencesTypeHintsProvider>
    </settingsMapElement>
  </component>
</application>