<application>
  <component name="FileTypeManager" version="18">
    <extensionMap>
      <mapping pattern="ver" type="AUTO_DETECTED" />
      <mapping pattern="--scenario-file" type="AUTO_DETECTED" />
      <mapping pattern="qq_share_file_paths" type="AUTO_DETECTED" />
      <mapping pattern="bottom_in" type="AUTO_DETECTED" />
      <mapping pattern="top_out" type="AUTO_DETECTED" />
      <mapping pattern="Screen3Application" type="CLASS" />
      <mapping ext="gradle.kts" type="Kotlin" />
      <mapping ext="main.kts" type="Kotlin" />
      <mapping ext="kapt_metadata" type="PLAIN_TEXT" />
      <mapping ext="mp4" type="PLAIN_TEXT" />
      <mapping ext="probe" type="PLAIN_TEXT" />
      <mapping ext="rawproto" type="PLAIN_TEXT" />
      <mapping ext="so" type="PLAIN_TEXT" />
      <mapping ext="ogg" type="PLAIN_TEXT" />
      <mapping ext="bin" type="PLAIN_TEXT" />
      <mapping ext="tab" type="PLAIN_TEXT" />
      <removed_mapping ext="apk" approved="true" type="ARCHIVE" />
      <removed_mapping ext="pro" approved="true" type="DeviceSpecFile" />
      <removed_mapping ext="psd" approved="true" type="Image" />
      <removed_mapping ext="so" approved="true" type="UNKNOWN" />
    </extensionMap>
  </component>
</application>