<application>
  <component name="FileTypeManager" version="18">
    <extensionMap>
      <mapping pattern="bottom_in" type="AUTO_DETECTED" />
      <mapping pattern="top_out" type="AUTO_DETECTED" />
      <mapping pattern="Screen3Application" type="CLASS" />
      <mapping ext="gradle.kts" type="Kotlin" />
      <mapping ext="main.kts" type="Kotlin" />
      <mapping ext="mp4" type="PLAIN_TEXT" />
      <mapping ext="rawproto" type="PLAIN_TEXT" />
      <mapping ext="so" type="PLAIN_TEXT" />
      <mapping ext="bin" type="PLAIN_TEXT" />
      <removed_mapping ext="apk" approved="true" type="ARCHIVE" />
      <removed_mapping ext="psd" approved="true" type="Image" />
      <removed_mapping ext="so" approved="true" type="UNKNOWN" />
    </extensionMap>
  </component>
</application>