<application>
  <component name="GeneralSettings">
    <option name="processCloseConfirmation" value="TERMINATE" />
    <option name="reopenLastProject" value="false" />
  </component>
  <component name="Registry">
    <entry key="ide.windowSystem.autoShowProcessPopup" value="true" />
    <entry key="external.system.auto.import.disabled" value="true" />
    <entry key="ide.images.show.chessboard" value="true" />
    <entry key="debugger.watches.in.variables" value="false" />
    <entry key="ide.instant.shutdown" value="false" />
  </component>
  <component name="StatusBar">
    <option name="widgets">
      <map>
        <entry key="Memory" value="true" />
      </map>
    </option>
  </component>
</application>