<application>
  <component name="ProjectJdkTable">
    <jdk version="2">
      <name value="Kotlin SDK" />
      <type value="KotlinSDK" />
      <version value="1.2.30" />
      <homePath value="D:\DevSoft\Android\Android Studio\plugins\Kotlin\kotlinc" />
      <roots>
        <annotationsPath>
          <root type="composite" />
        </annotationsPath>
        <classPath>
          <root type="composite" />
        </classPath>
        <javadocPath>
          <root type="composite" />
        </javadocPath>
        <sourcePath>
          <root type="composite" />
        </sourcePath>
      </roots>
      <additional />
    </jdk>
    <jdk version="2">
      <name value="liberica-1.8" />
      <type value="JavaSDK" />
      <version value="BellSoft Liberica version 1.8.0_345" />
      <homePath value="D:/Develop/liberica-1.8.0_345" />
      <roots>
        <annotationsPath>
          <root type="composite">
            <root url="jar://$APPLICATION_HOME_DIR$/plugins/java/lib/resources/jdkAnnotations.jar!/" type="simple" />
          </root>
        </annotationsPath>
        <classPath>
          <root type="composite">
            <root url="jar://D:/Develop/liberica-1.8.0_345/jre/lib/charsets.jar!/" type="simple" />
            <root url="jar://D:/Develop/liberica-1.8.0_345/jre/lib/ext/access-bridge-64.jar!/" type="simple" />
            <root url="jar://D:/Develop/liberica-1.8.0_345/jre/lib/ext/cldrdata.jar!/" type="simple" />
            <root url="jar://D:/Develop/liberica-1.8.0_345/jre/lib/ext/dnsns.jar!/" type="simple" />
            <root url="jar://D:/Develop/liberica-1.8.0_345/jre/lib/ext/jaccess.jar!/" type="simple" />
            <root url="jar://D:/Develop/liberica-1.8.0_345/jre/lib/ext/jfxrt.jar!/" type="simple" />
            <root url="jar://D:/Develop/liberica-1.8.0_345/jre/lib/ext/localedata.jar!/" type="simple" />
            <root url="jar://D:/Develop/liberica-1.8.0_345/jre/lib/ext/nashorn.jar!/" type="simple" />
            <root url="jar://D:/Develop/liberica-1.8.0_345/jre/lib/ext/sunec.jar!/" type="simple" />
            <root url="jar://D:/Develop/liberica-1.8.0_345/jre/lib/ext/sunjce_provider.jar!/" type="simple" />
            <root url="jar://D:/Develop/liberica-1.8.0_345/jre/lib/ext/sunmscapi.jar!/" type="simple" />
            <root url="jar://D:/Develop/liberica-1.8.0_345/jre/lib/ext/sunpkcs11.jar!/" type="simple" />
            <root url="jar://D:/Develop/liberica-1.8.0_345/jre/lib/ext/zipfs.jar!/" type="simple" />
            <root url="jar://D:/Develop/liberica-1.8.0_345/jre/lib/jce.jar!/" type="simple" />
            <root url="jar://D:/Develop/liberica-1.8.0_345/jre/lib/jfr.jar!/" type="simple" />
            <root url="jar://D:/Develop/liberica-1.8.0_345/jre/lib/jfxswt.jar!/" type="simple" />
            <root url="jar://D:/Develop/liberica-1.8.0_345/jre/lib/jsse.jar!/" type="simple" />
            <root url="jar://D:/Develop/liberica-1.8.0_345/jre/lib/management-agent.jar!/" type="simple" />
            <root url="jar://D:/Develop/liberica-1.8.0_345/jre/lib/resources.jar!/" type="simple" />
            <root url="jar://D:/Develop/liberica-1.8.0_345/jre/lib/rt.jar!/" type="simple" />
          </root>
        </classPath>
        <javadocPath>
          <root type="composite" />
        </javadocPath>
        <sourcePath>
          <root type="composite">
            <root url="jar://D:/Develop/liberica-1.8.0_345/src.zip!/" type="simple" />
          </root>
        </sourcePath>
      </roots>
      <additional />
    </jdk>
    <jdk version="2">
      <name value="Embedded JDK" />
      <type value="JavaSDK" />
      <version value="JetBrains Runtime version 17.0.6" />
      <homePath value="$APPLICATION_HOME_DIR$/jbr" />
      <roots>
        <annotationsPath>
          <root type="composite">
            <root url="jar://$APPLICATION_HOME_DIR$/plugins/java/lib/resources/jdkAnnotations.jar!/" type="simple" />
          </root>
        </annotationsPath>
        <classPath>
          <root type="composite">
            <root url="jrt://C:/Develop/Android/Android Studio/jbr!/java.base" type="simple" />
            <root url="jrt://C:/Develop/Android/Android Studio/jbr!/java.compiler" type="simple" />
            <root url="jrt://C:/Develop/Android/Android Studio/jbr!/java.datatransfer" type="simple" />
            <root url="jrt://C:/Develop/Android/Android Studio/jbr!/java.desktop" type="simple" />
            <root url="jrt://C:/Develop/Android/Android Studio/jbr!/java.instrument" type="simple" />
            <root url="jrt://C:/Develop/Android/Android Studio/jbr!/java.logging" type="simple" />
            <root url="jrt://C:/Develop/Android/Android Studio/jbr!/java.management" type="simple" />
            <root url="jrt://C:/Develop/Android/Android Studio/jbr!/java.management.rmi" type="simple" />
            <root url="jrt://C:/Develop/Android/Android Studio/jbr!/java.naming" type="simple" />
            <root url="jrt://C:/Develop/Android/Android Studio/jbr!/java.net.http" type="simple" />
            <root url="jrt://C:/Develop/Android/Android Studio/jbr!/java.prefs" type="simple" />
            <root url="jrt://C:/Develop/Android/Android Studio/jbr!/java.rmi" type="simple" />
            <root url="jrt://C:/Develop/Android/Android Studio/jbr!/java.scripting" type="simple" />
            <root url="jrt://C:/Develop/Android/Android Studio/jbr!/java.se" type="simple" />
            <root url="jrt://C:/Develop/Android/Android Studio/jbr!/java.security.jgss" type="simple" />
            <root url="jrt://C:/Develop/Android/Android Studio/jbr!/java.security.sasl" type="simple" />
            <root url="jrt://C:/Develop/Android/Android Studio/jbr!/java.smartcardio" type="simple" />
            <root url="jrt://C:/Develop/Android/Android Studio/jbr!/java.sql" type="simple" />
            <root url="jrt://C:/Develop/Android/Android Studio/jbr!/java.sql.rowset" type="simple" />
            <root url="jrt://C:/Develop/Android/Android Studio/jbr!/java.transaction.xa" type="simple" />
            <root url="jrt://C:/Develop/Android/Android Studio/jbr!/java.xml" type="simple" />
            <root url="jrt://C:/Develop/Android/Android Studio/jbr!/java.xml.crypto" type="simple" />
            <root url="jrt://C:/Develop/Android/Android Studio/jbr!/jdk.accessibility" type="simple" />
            <root url="jrt://C:/Develop/Android/Android Studio/jbr!/jdk.attach" type="simple" />
            <root url="jrt://C:/Develop/Android/Android Studio/jbr!/jdk.charsets" type="simple" />
            <root url="jrt://C:/Develop/Android/Android Studio/jbr!/jdk.compiler" type="simple" />
            <root url="jrt://C:/Develop/Android/Android Studio/jbr!/jdk.crypto.cryptoki" type="simple" />
            <root url="jrt://C:/Develop/Android/Android Studio/jbr!/jdk.crypto.ec" type="simple" />
            <root url="jrt://C:/Develop/Android/Android Studio/jbr!/jdk.dynalink" type="simple" />
            <root url="jrt://C:/Develop/Android/Android Studio/jbr!/jdk.hotspot.agent" type="simple" />
            <root url="jrt://C:/Develop/Android/Android Studio/jbr!/jdk.httpserver" type="simple" />
            <root url="jrt://C:/Develop/Android/Android Studio/jbr!/jdk.internal.ed" type="simple" />
            <root url="jrt://C:/Develop/Android/Android Studio/jbr!/jdk.internal.jvmstat" type="simple" />
            <root url="jrt://C:/Develop/Android/Android Studio/jbr!/jdk.internal.le" type="simple" />
            <root url="jrt://C:/Develop/Android/Android Studio/jbr!/jdk.internal.opt" type="simple" />
            <root url="jrt://C:/Develop/Android/Android Studio/jbr!/jdk.internal.vm.ci" type="simple" />
            <root url="jrt://C:/Develop/Android/Android Studio/jbr!/jdk.internal.vm.compiler" type="simple" />
            <root url="jrt://C:/Develop/Android/Android Studio/jbr!/jdk.internal.vm.compiler.management" type="simple" />
            <root url="jrt://C:/Develop/Android/Android Studio/jbr!/jdk.jartool" type="simple" />
            <root url="jrt://C:/Develop/Android/Android Studio/jbr!/jdk.javadoc" type="simple" />
            <root url="jrt://C:/Develop/Android/Android Studio/jbr!/jdk.jcmd" type="simple" />
            <root url="jrt://C:/Develop/Android/Android Studio/jbr!/jdk.jdeps" type="simple" />
            <root url="jrt://C:/Develop/Android/Android Studio/jbr!/jdk.jdi" type="simple" />
            <root url="jrt://C:/Develop/Android/Android Studio/jbr!/jdk.jdwp.agent" type="simple" />
            <root url="jrt://C:/Develop/Android/Android Studio/jbr!/jdk.jfr" type="simple" />
            <root url="jrt://C:/Develop/Android/Android Studio/jbr!/jdk.jlink" type="simple" />
            <root url="jrt://C:/Develop/Android/Android Studio/jbr!/jdk.jsobject" type="simple" />
            <root url="jrt://C:/Develop/Android/Android Studio/jbr!/jdk.localedata" type="simple" />
            <root url="jrt://C:/Develop/Android/Android Studio/jbr!/jdk.management" type="simple" />
            <root url="jrt://C:/Develop/Android/Android Studio/jbr!/jdk.management.agent" type="simple" />
            <root url="jrt://C:/Develop/Android/Android Studio/jbr!/jdk.management.jfr" type="simple" />
            <root url="jrt://C:/Develop/Android/Android Studio/jbr!/jdk.naming.dns" type="simple" />
            <root url="jrt://C:/Develop/Android/Android Studio/jbr!/jdk.naming.rmi" type="simple" />
            <root url="jrt://C:/Develop/Android/Android Studio/jbr!/jdk.net" type="simple" />
            <root url="jrt://C:/Develop/Android/Android Studio/jbr!/jdk.sctp" type="simple" />
            <root url="jrt://C:/Develop/Android/Android Studio/jbr!/jdk.security.auth" type="simple" />
            <root url="jrt://C:/Develop/Android/Android Studio/jbr!/jdk.security.jgss" type="simple" />
            <root url="jrt://C:/Develop/Android/Android Studio/jbr!/jdk.unsupported" type="simple" />
            <root url="jrt://C:/Develop/Android/Android Studio/jbr!/jdk.unsupported.desktop" type="simple" />
            <root url="jrt://C:/Develop/Android/Android Studio/jbr!/jdk.xml.dom" type="simple" />
            <root url="jrt://C:/Develop/Android/Android Studio/jbr!/jdk.zipfs" type="simple" />
          </root>
        </classPath>
        <javadocPath>
          <root type="composite" />
        </javadocPath>
        <sourcePath>
          <root type="composite" />
        </sourcePath>
      </roots>
      <additional />
    </jdk>
    <jdk version="2">
      <name value="1.8" />
      <type value="JavaSDK" />
      <version value="BellSoft Liberica version 1.8.0_345" />
      <homePath value="D:/Develop/liberica-1.8.0_345" />
      <roots>
        <annotationsPath>
          <root type="composite">
            <root url="jar://$APPLICATION_HOME_DIR$/plugins/java/lib/resources/jdkAnnotations.jar!/" type="simple" />
          </root>
        </annotationsPath>
        <classPath>
          <root type="composite">
            <root url="jar://D:/Develop/liberica-1.8.0_345/jre/lib/charsets.jar!/" type="simple" />
            <root url="jar://D:/Develop/liberica-1.8.0_345/jre/lib/ext/access-bridge-64.jar!/" type="simple" />
            <root url="jar://D:/Develop/liberica-1.8.0_345/jre/lib/ext/cldrdata.jar!/" type="simple" />
            <root url="jar://D:/Develop/liberica-1.8.0_345/jre/lib/ext/dnsns.jar!/" type="simple" />
            <root url="jar://D:/Develop/liberica-1.8.0_345/jre/lib/ext/jaccess.jar!/" type="simple" />
            <root url="jar://D:/Develop/liberica-1.8.0_345/jre/lib/ext/jfxrt.jar!/" type="simple" />
            <root url="jar://D:/Develop/liberica-1.8.0_345/jre/lib/ext/localedata.jar!/" type="simple" />
            <root url="jar://D:/Develop/liberica-1.8.0_345/jre/lib/ext/nashorn.jar!/" type="simple" />
            <root url="jar://D:/Develop/liberica-1.8.0_345/jre/lib/ext/sunec.jar!/" type="simple" />
            <root url="jar://D:/Develop/liberica-1.8.0_345/jre/lib/ext/sunjce_provider.jar!/" type="simple" />
            <root url="jar://D:/Develop/liberica-1.8.0_345/jre/lib/ext/sunmscapi.jar!/" type="simple" />
            <root url="jar://D:/Develop/liberica-1.8.0_345/jre/lib/ext/sunpkcs11.jar!/" type="simple" />
            <root url="jar://D:/Develop/liberica-1.8.0_345/jre/lib/ext/zipfs.jar!/" type="simple" />
            <root url="jar://D:/Develop/liberica-1.8.0_345/jre/lib/jce.jar!/" type="simple" />
            <root url="jar://D:/Develop/liberica-1.8.0_345/jre/lib/jfr.jar!/" type="simple" />
            <root url="jar://D:/Develop/liberica-1.8.0_345/jre/lib/jfxswt.jar!/" type="simple" />
            <root url="jar://D:/Develop/liberica-1.8.0_345/jre/lib/jsse.jar!/" type="simple" />
            <root url="jar://D:/Develop/liberica-1.8.0_345/jre/lib/management-agent.jar!/" type="simple" />
            <root url="jar://D:/Develop/liberica-1.8.0_345/jre/lib/resources.jar!/" type="simple" />
            <root url="jar://D:/Develop/liberica-1.8.0_345/jre/lib/rt.jar!/" type="simple" />
          </root>
        </classPath>
        <javadocPath>
          <root type="composite" />
        </javadocPath>
        <sourcePath>
          <root type="composite">
            <root url="jar://D:/Develop/liberica-1.8.0_345/src.zip!/" type="simple" />
          </root>
        </sourcePath>
      </roots>
      <additional />
    </jdk>
    <jdk version="2">
      <name value="jbr-11" />
      <type value="JavaSDK" />
      <version value="JetBrains Runtime version 17.0.6" />
      <homePath value="$APPLICATION_HOME_DIR$/jbr" />
      <roots>
        <annotationsPath>
          <root type="composite">
            <root url="jar://$APPLICATION_HOME_DIR$/plugins/java/lib/resources/jdkAnnotations.jar!/" type="simple" />
          </root>
        </annotationsPath>
        <classPath>
          <root type="composite">
            <root url="jrt://C:/Develop/Android/Android Studio/jbr!/java.base" type="simple" />
            <root url="jrt://C:/Develop/Android/Android Studio/jbr!/java.compiler" type="simple" />
            <root url="jrt://C:/Develop/Android/Android Studio/jbr!/java.datatransfer" type="simple" />
            <root url="jrt://C:/Develop/Android/Android Studio/jbr!/java.desktop" type="simple" />
            <root url="jrt://C:/Develop/Android/Android Studio/jbr!/java.instrument" type="simple" />
            <root url="jrt://C:/Develop/Android/Android Studio/jbr!/java.logging" type="simple" />
            <root url="jrt://C:/Develop/Android/Android Studio/jbr!/java.management" type="simple" />
            <root url="jrt://C:/Develop/Android/Android Studio/jbr!/java.management.rmi" type="simple" />
            <root url="jrt://C:/Develop/Android/Android Studio/jbr!/java.naming" type="simple" />
            <root url="jrt://C:/Develop/Android/Android Studio/jbr!/java.net.http" type="simple" />
            <root url="jrt://C:/Develop/Android/Android Studio/jbr!/java.prefs" type="simple" />
            <root url="jrt://C:/Develop/Android/Android Studio/jbr!/java.rmi" type="simple" />
            <root url="jrt://C:/Develop/Android/Android Studio/jbr!/java.scripting" type="simple" />
            <root url="jrt://C:/Develop/Android/Android Studio/jbr!/java.se" type="simple" />
            <root url="jrt://C:/Develop/Android/Android Studio/jbr!/java.security.jgss" type="simple" />
            <root url="jrt://C:/Develop/Android/Android Studio/jbr!/java.security.sasl" type="simple" />
            <root url="jrt://C:/Develop/Android/Android Studio/jbr!/java.smartcardio" type="simple" />
            <root url="jrt://C:/Develop/Android/Android Studio/jbr!/java.sql" type="simple" />
            <root url="jrt://C:/Develop/Android/Android Studio/jbr!/java.sql.rowset" type="simple" />
            <root url="jrt://C:/Develop/Android/Android Studio/jbr!/java.transaction.xa" type="simple" />
            <root url="jrt://C:/Develop/Android/Android Studio/jbr!/java.xml" type="simple" />
            <root url="jrt://C:/Develop/Android/Android Studio/jbr!/java.xml.crypto" type="simple" />
            <root url="jrt://C:/Develop/Android/Android Studio/jbr!/jdk.accessibility" type="simple" />
            <root url="jrt://C:/Develop/Android/Android Studio/jbr!/jdk.attach" type="simple" />
            <root url="jrt://C:/Develop/Android/Android Studio/jbr!/jdk.charsets" type="simple" />
            <root url="jrt://C:/Develop/Android/Android Studio/jbr!/jdk.compiler" type="simple" />
            <root url="jrt://C:/Develop/Android/Android Studio/jbr!/jdk.crypto.cryptoki" type="simple" />
            <root url="jrt://C:/Develop/Android/Android Studio/jbr!/jdk.crypto.ec" type="simple" />
            <root url="jrt://C:/Develop/Android/Android Studio/jbr!/jdk.dynalink" type="simple" />
            <root url="jrt://C:/Develop/Android/Android Studio/jbr!/jdk.hotspot.agent" type="simple" />
            <root url="jrt://C:/Develop/Android/Android Studio/jbr!/jdk.httpserver" type="simple" />
            <root url="jrt://C:/Develop/Android/Android Studio/jbr!/jdk.internal.ed" type="simple" />
            <root url="jrt://C:/Develop/Android/Android Studio/jbr!/jdk.internal.jvmstat" type="simple" />
            <root url="jrt://C:/Develop/Android/Android Studio/jbr!/jdk.internal.le" type="simple" />
            <root url="jrt://C:/Develop/Android/Android Studio/jbr!/jdk.internal.opt" type="simple" />
            <root url="jrt://C:/Develop/Android/Android Studio/jbr!/jdk.internal.vm.ci" type="simple" />
            <root url="jrt://C:/Develop/Android/Android Studio/jbr!/jdk.internal.vm.compiler" type="simple" />
            <root url="jrt://C:/Develop/Android/Android Studio/jbr!/jdk.internal.vm.compiler.management" type="simple" />
            <root url="jrt://C:/Develop/Android/Android Studio/jbr!/jdk.jartool" type="simple" />
            <root url="jrt://C:/Develop/Android/Android Studio/jbr!/jdk.javadoc" type="simple" />
            <root url="jrt://C:/Develop/Android/Android Studio/jbr!/jdk.jcmd" type="simple" />
            <root url="jrt://C:/Develop/Android/Android Studio/jbr!/jdk.jdeps" type="simple" />
            <root url="jrt://C:/Develop/Android/Android Studio/jbr!/jdk.jdi" type="simple" />
            <root url="jrt://C:/Develop/Android/Android Studio/jbr!/jdk.jdwp.agent" type="simple" />
            <root url="jrt://C:/Develop/Android/Android Studio/jbr!/jdk.jfr" type="simple" />
            <root url="jrt://C:/Develop/Android/Android Studio/jbr!/jdk.jlink" type="simple" />
            <root url="jrt://C:/Develop/Android/Android Studio/jbr!/jdk.jsobject" type="simple" />
            <root url="jrt://C:/Develop/Android/Android Studio/jbr!/jdk.localedata" type="simple" />
            <root url="jrt://C:/Develop/Android/Android Studio/jbr!/jdk.management" type="simple" />
            <root url="jrt://C:/Develop/Android/Android Studio/jbr!/jdk.management.agent" type="simple" />
            <root url="jrt://C:/Develop/Android/Android Studio/jbr!/jdk.management.jfr" type="simple" />
            <root url="jrt://C:/Develop/Android/Android Studio/jbr!/jdk.naming.dns" type="simple" />
            <root url="jrt://C:/Develop/Android/Android Studio/jbr!/jdk.naming.rmi" type="simple" />
            <root url="jrt://C:/Develop/Android/Android Studio/jbr!/jdk.net" type="simple" />
            <root url="jrt://C:/Develop/Android/Android Studio/jbr!/jdk.sctp" type="simple" />
            <root url="jrt://C:/Develop/Android/Android Studio/jbr!/jdk.security.auth" type="simple" />
            <root url="jrt://C:/Develop/Android/Android Studio/jbr!/jdk.security.jgss" type="simple" />
            <root url="jrt://C:/Develop/Android/Android Studio/jbr!/jdk.unsupported" type="simple" />
            <root url="jrt://C:/Develop/Android/Android Studio/jbr!/jdk.unsupported.desktop" type="simple" />
            <root url="jrt://C:/Develop/Android/Android Studio/jbr!/jdk.xml.dom" type="simple" />
            <root url="jrt://C:/Develop/Android/Android Studio/jbr!/jdk.zipfs" type="simple" />
          </root>
        </classPath>
        <javadocPath>
          <root type="composite" />
        </javadocPath>
        <sourcePath>
          <root type="composite" />
        </sourcePath>
      </roots>
      <additional />
    </jdk>
    <jdk version="2">
      <name value="Android API 22 Platform" />
      <type value="Android SDK" />
      <version value="version 11.0.12" />
      <homePath value="C:/Develop/Android/Sdk" />
      <roots>
        <annotationsPath>
          <root type="composite">
            <root url="jar://$APPLICATION_HOME_DIR$/plugins/android/resources/androidAnnotations.jar!/" type="simple" />
          </root>
        </annotationsPath>
        <classPath>
          <root type="composite">
            <root url="jar://C:/Develop/Android/Sdk/platforms/android-22/android.jar!/" type="simple" />
            <root url="file://C:/Develop/Android/Sdk/platforms/android-22/data/res" type="simple" />
          </root>
        </classPath>
        <javadocPath>
          <root type="composite">
            <root url="http://developer.android.com/reference/" type="simple" />
          </root>
        </javadocPath>
        <sourcePath>
          <root type="composite" />
        </sourcePath>
      </roots>
      <additional jdk="liberica-1.8" sdk="android-22" />
    </jdk>
    <jdk version="2">
      <name value="Android API 23 Platform" />
      <type value="Android SDK" />
      <version value="version 11.0.12" />
      <homePath value="C:/Develop/Android/Sdk" />
      <roots>
        <annotationsPath>
          <root type="composite">
            <root url="jar://$APPLICATION_HOME_DIR$/plugins/android/resources/androidAnnotations.jar!/" type="simple" />
          </root>
        </annotationsPath>
        <classPath>
          <root type="composite">
            <root url="jar://C:/Develop/Android/Sdk/platforms/android-23/android.jar!/" type="simple" />
            <root url="file://C:/Develop/Android/Sdk/platforms/android-23/data/res" type="simple" />
          </root>
        </classPath>
        <javadocPath>
          <root type="composite" />
        </javadocPath>
        <sourcePath>
          <root type="composite">
            <root url="file://C:/Develop/Android/Sdk/sources/android-23" type="simple" />
          </root>
        </sourcePath>
      </roots>
      <additional jdk="liberica-1.8" sdk="android-23" />
    </jdk>
    <jdk version="2">
      <name value="Android API 24 Platform" />
      <type value="Android SDK" />
      <version value="version 11.0.12" />
      <homePath value="C:/Develop/Android/Sdk" />
      <roots>
        <annotationsPath>
          <root type="composite">
            <root url="jar://$APPLICATION_HOME_DIR$/plugins/android/resources/androidAnnotations.jar!/" type="simple" />
          </root>
        </annotationsPath>
        <classPath>
          <root type="composite">
            <root url="jar://C:/Develop/Android/Sdk/platforms/android-24/android.jar!/" type="simple" />
            <root url="file://C:/Develop/Android/Sdk/platforms/android-24/data/res" type="simple" />
          </root>
        </classPath>
        <javadocPath>
          <root type="composite">
            <root url="http://developer.android.com/reference/" type="simple" />
          </root>
        </javadocPath>
        <sourcePath>
          <root type="composite" />
        </sourcePath>
      </roots>
      <additional jdk="liberica-1.8" sdk="android-24" />
    </jdk>
    <jdk version="2">
      <name value="Android API 25 Platform" />
      <type value="Android SDK" />
      <version value="version 11.0.12" />
      <homePath value="C:/Develop/Android/Sdk" />
      <roots>
        <annotationsPath>
          <root type="composite">
            <root url="jar://$APPLICATION_HOME_DIR$/plugins/android/resources/androidAnnotations.jar!/" type="simple" />
          </root>
        </annotationsPath>
        <classPath>
          <root type="composite">
            <root url="jar://C:/Develop/Android/Sdk/platforms/android-25/android.jar!/" type="simple" />
            <root url="file://C:/Develop/Android/Sdk/platforms/android-25/data/res" type="simple" />
          </root>
        </classPath>
        <javadocPath>
          <root type="composite">
            <root url="http://developer.android.com/reference/" type="simple" />
          </root>
        </javadocPath>
        <sourcePath>
          <root type="composite" />
        </sourcePath>
      </roots>
      <additional jdk="liberica-1.8" sdk="android-25" />
    </jdk>
    <jdk version="2">
      <name value="Android API 26 Platform" />
      <type value="Android SDK" />
      <version value="version 11.0.12" />
      <homePath value="C:/Develop/Android/Sdk" />
      <roots>
        <annotationsPath>
          <root type="composite">
            <root url="jar://$APPLICATION_HOME_DIR$/plugins/android/resources/androidAnnotations.jar!/" type="simple" />
          </root>
        </annotationsPath>
        <classPath>
          <root type="composite">
            <root url="jar://C:/Develop/Android/Sdk/platforms/android-26/android.jar!/" type="simple" />
            <root url="file://C:/Develop/Android/Sdk/platforms/android-26/data/res" type="simple" />
          </root>
        </classPath>
        <javadocPath>
          <root type="composite">
            <root url="http://developer.android.com/reference/" type="simple" />
          </root>
        </javadocPath>
        <sourcePath>
          <root type="composite" />
        </sourcePath>
      </roots>
      <additional jdk="liberica-1.8" sdk="android-26" />
    </jdk>
    <jdk version="2">
      <name value="Android API 27 Platform" />
      <type value="Android SDK" />
      <version value="version 11.0.12" />
      <homePath value="C:/Develop/Android/Sdk" />
      <roots>
        <annotationsPath>
          <root type="composite">
            <root url="jar://$APPLICATION_HOME_DIR$/plugins/android/resources/androidAnnotations.jar!/" type="simple" />
          </root>
        </annotationsPath>
        <classPath>
          <root type="composite">
            <root url="jar://C:/Develop/Android/Sdk/platforms/android-27/android.jar!/" type="simple" />
            <root url="file://C:/Develop/Android/Sdk/platforms/android-27/data/res" type="simple" />
          </root>
        </classPath>
        <javadocPath>
          <root type="composite" />
        </javadocPath>
        <sourcePath>
          <root type="composite">
            <root url="file://C:/Develop/Android/Sdk/sources/android-27" type="simple" />
          </root>
        </sourcePath>
      </roots>
      <additional jdk="liberica-1.8" sdk="android-27" />
    </jdk>
    <jdk version="2">
      <name value="Android API 28 Platform" />
      <type value="Android SDK" />
      <version value="version 11.0.12" />
      <homePath value="C:/Develop/Android/Sdk" />
      <roots>
        <annotationsPath>
          <root type="composite">
            <root url="jar://C:/Develop/Android/Sdk/platforms/android-28/data/annotations.zip!/" type="simple" />
          </root>
        </annotationsPath>
        <classPath>
          <root type="composite">
            <root url="jar://C:/Develop/Android/Sdk/platforms/android-28/android.jar!/" type="simple" />
            <root url="file://C:/Develop/Android/Sdk/platforms/android-28/data/res" type="simple" />
          </root>
        </classPath>
        <javadocPath>
          <root type="composite" />
        </javadocPath>
        <sourcePath>
          <root type="composite">
            <root url="file://C:/Develop/Android/Sdk/sources/android-28" type="simple" />
          </root>
        </sourcePath>
      </roots>
      <additional jdk="liberica-1.8" sdk="android-28" />
    </jdk>
    <jdk version="2">
      <name value="Android API 29 Platform" />
      <type value="Android SDK" />
      <version value="version 11.0.12" />
      <homePath value="C:/Develop/Android/Sdk" />
      <roots>
        <annotationsPath>
          <root type="composite">
            <root url="jar://C:/Develop/Android/Sdk/platforms/android-29/data/annotations.zip!/" type="simple" />
          </root>
        </annotationsPath>
        <classPath>
          <root type="composite">
            <root url="jar://C:/Develop/Android/Sdk/platforms/android-29/android.jar!/" type="simple" />
            <root url="file://C:/Develop/Android/Sdk/platforms/android-29/data/res" type="simple" />
          </root>
        </classPath>
        <javadocPath>
          <root type="composite" />
        </javadocPath>
        <sourcePath>
          <root type="composite">
            <root url="file://C:/Develop/Android/Sdk/sources/android-29" type="simple" />
          </root>
        </sourcePath>
      </roots>
      <additional jdk="liberica-1.8" sdk="android-29" />
    </jdk>
    <jdk version="2">
      <name value="Android API 29, R preview Platform" />
      <type value="Android SDK" />
      <version value="version 11.0.12" />
      <homePath value="C:/Develop/Android/Sdk" />
      <roots>
        <annotationsPath>
          <root type="composite">
            <root url="jar://C:/Develop/Android/Sdk/platforms/android-R/data/annotations.zip!/" type="simple" />
          </root>
        </annotationsPath>
        <classPath>
          <root type="composite">
            <root url="jar://C:/Develop/Android/Sdk/platforms/android-R/android.jar!/" type="simple" />
            <root url="file://C:/Develop/Android/Sdk/platforms/android-R/data/res" type="simple" />
          </root>
        </classPath>
        <javadocPath>
          <root type="composite">
            <root url="http://developer.android.com/reference/" type="simple" />
          </root>
        </javadocPath>
        <sourcePath>
          <root type="composite" />
        </sourcePath>
      </roots>
      <additional jdk="liberica-1.8" sdk="android-R" />
    </jdk>
    <jdk version="2">
      <name value="Android API 30 Platform" />
      <type value="Android SDK" />
      <version value="version 11.0.12" />
      <homePath value="C:/Develop/Android/Sdk" />
      <roots>
        <annotationsPath>
          <root type="composite">
            <root url="jar://C:/Develop/Android/Sdk/platforms/android-30/data/annotations.zip!/" type="simple" />
          </root>
        </annotationsPath>
        <classPath>
          <root type="composite">
            <root url="jar://C:/Develop/Android/Sdk/platforms/android-30/android.jar!/" type="simple" />
            <root url="file://C:/Develop/Android/Sdk/platforms/android-30/data/res" type="simple" />
          </root>
        </classPath>
        <javadocPath>
          <root type="composite" />
        </javadocPath>
        <sourcePath>
          <root type="composite">
            <root url="file://C:/Develop/Android/Sdk/sources/android-30" type="simple" />
          </root>
        </sourcePath>
      </roots>
      <additional jdk="liberica-1.8" sdk="android-30" />
    </jdk>
    <jdk version="2">
      <name value="Android API 30, S preview Platform" />
      <type value="Android SDK" />
      <version value="version 11.0.12" />
      <homePath value="C:/Develop/Android/Sdk" />
      <roots>
        <annotationsPath>
          <root type="composite">
            <root url="jar://C:/Develop/Android/Sdk/platforms/android-S/data/annotations.zip!/" type="simple" />
          </root>
        </annotationsPath>
        <classPath>
          <root type="composite">
            <root url="jar://C:/Develop/Android/Sdk/platforms/android-S/android.jar!/" type="simple" />
            <root url="file://C:/Develop/Android/Sdk/platforms/android-S/data/res" type="simple" />
          </root>
        </classPath>
        <javadocPath>
          <root type="composite">
            <root url="http://developer.android.com/reference/" type="simple" />
          </root>
        </javadocPath>
        <sourcePath>
          <root type="composite" />
        </sourcePath>
      </roots>
      <additional jdk="liberica-1.8" sdk="android-S" />
    </jdk>
    <jdk version="2">
      <name value="Android API 31 Platform" />
      <type value="Android SDK" />
      <version value="version 11.0.12" />
      <homePath value="C:/Develop/Android/Sdk" />
      <roots>
        <annotationsPath>
          <root type="composite">
            <root url="jar://C:/Develop/Android/Sdk/platforms/android-31/data/annotations.zip!/" type="simple" />
          </root>
        </annotationsPath>
        <classPath>
          <root type="composite">
            <root url="jar://C:/Develop/Android/Sdk/platforms/android-31/android.jar!/" type="simple" />
            <root url="file://C:/Develop/Android/Sdk/platforms/android-31/data/res" type="simple" />
          </root>
        </classPath>
        <javadocPath>
          <root type="composite" />
        </javadocPath>
        <sourcePath>
          <root type="composite">
            <root url="file://C:/Develop/Android/Sdk/sources/android-31" type="simple" />
          </root>
        </sourcePath>
      </roots>
      <additional jdk="liberica-1.8" sdk="android-31" />
    </jdk>
    <jdk version="2">
      <name value="Android API 32 Platform" />
      <type value="Android SDK" />
      <version value="version 11.0.12" />
      <homePath value="C:/Develop/Android/Sdk" />
      <roots>
        <annotationsPath>
          <root type="composite">
            <root url="jar://C:/Develop/Android/Sdk/platforms/android-32/data/annotations.zip!/" type="simple" />
          </root>
        </annotationsPath>
        <classPath>
          <root type="composite">
            <root url="jar://C:/Develop/Android/Sdk/platforms/android-32/android.jar!/" type="simple" />
            <root url="file://C:/Develop/Android/Sdk/platforms/android-32/data/res" type="simple" />
          </root>
        </classPath>
        <javadocPath>
          <root type="composite" />
        </javadocPath>
        <sourcePath>
          <root type="composite">
            <root url="file://C:/Develop/Android/Sdk/sources/android-32" type="simple" />
          </root>
        </sourcePath>
      </roots>
      <additional jdk="liberica-1.8" sdk="android-32" />
    </jdk>
    <jdk version="2">
      <name value="Android API 33, extension level 3 Platform" />
      <type value="Android SDK" />
      <version value="version 11.0.12" />
      <homePath value="C:/Develop/Android/Sdk" />
      <roots>
        <annotationsPath>
          <root type="composite">
            <root url="jar://C:/Develop/Android/Sdk/platforms/android-33/data/annotations.zip!/" type="simple" />
          </root>
        </annotationsPath>
        <classPath>
          <root type="composite">
            <root url="jar://C:/Develop/Android/Sdk/platforms/android-33/android.jar!/" type="simple" />
            <root url="file://C:/Develop/Android/Sdk/platforms/android-33/data/res" type="simple" />
          </root>
        </classPath>
        <javadocPath>
          <root type="composite" />
        </javadocPath>
        <sourcePath>
          <root type="composite">
            <root url="file://C:/Develop/Android/Sdk/sources/android-33" type="simple" />
          </root>
        </sourcePath>
      </roots>
      <additional jdk="liberica-1.8" sdk="android-33" />
    </jdk>
    <jdk version="2">
      <name value="Android Studio java home" />
      <type value="JavaSDK" />
      <version value="JetBrains Runtime version 17.0.6" />
      <homePath value="$APPLICATION_HOME_DIR$/jbr" />
      <roots>
        <annotationsPath>
          <root type="composite">
            <root url="jar://$APPLICATION_HOME_DIR$/plugins/java/lib/resources/jdkAnnotations.jar!/" type="simple" />
          </root>
        </annotationsPath>
        <classPath>
          <root type="composite">
            <root url="jrt://C:/Develop/Android/Android Studio/jbr!/java.base" type="simple" />
            <root url="jrt://C:/Develop/Android/Android Studio/jbr!/java.compiler" type="simple" />
            <root url="jrt://C:/Develop/Android/Android Studio/jbr!/java.datatransfer" type="simple" />
            <root url="jrt://C:/Develop/Android/Android Studio/jbr!/java.desktop" type="simple" />
            <root url="jrt://C:/Develop/Android/Android Studio/jbr!/java.instrument" type="simple" />
            <root url="jrt://C:/Develop/Android/Android Studio/jbr!/java.logging" type="simple" />
            <root url="jrt://C:/Develop/Android/Android Studio/jbr!/java.management" type="simple" />
            <root url="jrt://C:/Develop/Android/Android Studio/jbr!/java.management.rmi" type="simple" />
            <root url="jrt://C:/Develop/Android/Android Studio/jbr!/java.naming" type="simple" />
            <root url="jrt://C:/Develop/Android/Android Studio/jbr!/java.net.http" type="simple" />
            <root url="jrt://C:/Develop/Android/Android Studio/jbr!/java.prefs" type="simple" />
            <root url="jrt://C:/Develop/Android/Android Studio/jbr!/java.rmi" type="simple" />
            <root url="jrt://C:/Develop/Android/Android Studio/jbr!/java.scripting" type="simple" />
            <root url="jrt://C:/Develop/Android/Android Studio/jbr!/java.se" type="simple" />
            <root url="jrt://C:/Develop/Android/Android Studio/jbr!/java.security.jgss" type="simple" />
            <root url="jrt://C:/Develop/Android/Android Studio/jbr!/java.security.sasl" type="simple" />
            <root url="jrt://C:/Develop/Android/Android Studio/jbr!/java.smartcardio" type="simple" />
            <root url="jrt://C:/Develop/Android/Android Studio/jbr!/java.sql" type="simple" />
            <root url="jrt://C:/Develop/Android/Android Studio/jbr!/java.sql.rowset" type="simple" />
            <root url="jrt://C:/Develop/Android/Android Studio/jbr!/java.transaction.xa" type="simple" />
            <root url="jrt://C:/Develop/Android/Android Studio/jbr!/java.xml" type="simple" />
            <root url="jrt://C:/Develop/Android/Android Studio/jbr!/java.xml.crypto" type="simple" />
            <root url="jrt://C:/Develop/Android/Android Studio/jbr!/jdk.accessibility" type="simple" />
            <root url="jrt://C:/Develop/Android/Android Studio/jbr!/jdk.attach" type="simple" />
            <root url="jrt://C:/Develop/Android/Android Studio/jbr!/jdk.charsets" type="simple" />
            <root url="jrt://C:/Develop/Android/Android Studio/jbr!/jdk.compiler" type="simple" />
            <root url="jrt://C:/Develop/Android/Android Studio/jbr!/jdk.crypto.cryptoki" type="simple" />
            <root url="jrt://C:/Develop/Android/Android Studio/jbr!/jdk.crypto.ec" type="simple" />
            <root url="jrt://C:/Develop/Android/Android Studio/jbr!/jdk.dynalink" type="simple" />
            <root url="jrt://C:/Develop/Android/Android Studio/jbr!/jdk.hotspot.agent" type="simple" />
            <root url="jrt://C:/Develop/Android/Android Studio/jbr!/jdk.httpserver" type="simple" />
            <root url="jrt://C:/Develop/Android/Android Studio/jbr!/jdk.internal.ed" type="simple" />
            <root url="jrt://C:/Develop/Android/Android Studio/jbr!/jdk.internal.jvmstat" type="simple" />
            <root url="jrt://C:/Develop/Android/Android Studio/jbr!/jdk.internal.le" type="simple" />
            <root url="jrt://C:/Develop/Android/Android Studio/jbr!/jdk.internal.opt" type="simple" />
            <root url="jrt://C:/Develop/Android/Android Studio/jbr!/jdk.internal.vm.ci" type="simple" />
            <root url="jrt://C:/Develop/Android/Android Studio/jbr!/jdk.internal.vm.compiler" type="simple" />
            <root url="jrt://C:/Develop/Android/Android Studio/jbr!/jdk.internal.vm.compiler.management" type="simple" />
            <root url="jrt://C:/Develop/Android/Android Studio/jbr!/jdk.jartool" type="simple" />
            <root url="jrt://C:/Develop/Android/Android Studio/jbr!/jdk.javadoc" type="simple" />
            <root url="jrt://C:/Develop/Android/Android Studio/jbr!/jdk.jcmd" type="simple" />
            <root url="jrt://C:/Develop/Android/Android Studio/jbr!/jdk.jdeps" type="simple" />
            <root url="jrt://C:/Develop/Android/Android Studio/jbr!/jdk.jdi" type="simple" />
            <root url="jrt://C:/Develop/Android/Android Studio/jbr!/jdk.jdwp.agent" type="simple" />
            <root url="jrt://C:/Develop/Android/Android Studio/jbr!/jdk.jfr" type="simple" />
            <root url="jrt://C:/Develop/Android/Android Studio/jbr!/jdk.jlink" type="simple" />
            <root url="jrt://C:/Develop/Android/Android Studio/jbr!/jdk.jsobject" type="simple" />
            <root url="jrt://C:/Develop/Android/Android Studio/jbr!/jdk.localedata" type="simple" />
            <root url="jrt://C:/Develop/Android/Android Studio/jbr!/jdk.management" type="simple" />
            <root url="jrt://C:/Develop/Android/Android Studio/jbr!/jdk.management.agent" type="simple" />
            <root url="jrt://C:/Develop/Android/Android Studio/jbr!/jdk.management.jfr" type="simple" />
            <root url="jrt://C:/Develop/Android/Android Studio/jbr!/jdk.naming.dns" type="simple" />
            <root url="jrt://C:/Develop/Android/Android Studio/jbr!/jdk.naming.rmi" type="simple" />
            <root url="jrt://C:/Develop/Android/Android Studio/jbr!/jdk.net" type="simple" />
            <root url="jrt://C:/Develop/Android/Android Studio/jbr!/jdk.sctp" type="simple" />
            <root url="jrt://C:/Develop/Android/Android Studio/jbr!/jdk.security.auth" type="simple" />
            <root url="jrt://C:/Develop/Android/Android Studio/jbr!/jdk.security.jgss" type="simple" />
            <root url="jrt://C:/Develop/Android/Android Studio/jbr!/jdk.unsupported" type="simple" />
            <root url="jrt://C:/Develop/Android/Android Studio/jbr!/jdk.unsupported.desktop" type="simple" />
            <root url="jrt://C:/Develop/Android/Android Studio/jbr!/jdk.xml.dom" type="simple" />
            <root url="jrt://C:/Develop/Android/Android Studio/jbr!/jdk.zipfs" type="simple" />
          </root>
        </classPath>
        <javadocPath>
          <root type="composite" />
        </javadocPath>
        <sourcePath>
          <root type="composite" />
        </sourcePath>
      </roots>
      <additional />
    </jdk>
    <jdk version="2">
      <name value="jbr-17" />
      <type value="JavaSDK" />
      <version value="JetBrains Runtime version 17.0.6" />
      <homePath value="$APPLICATION_HOME_DIR$/jbr" />
      <roots>
        <annotationsPath>
          <root type="composite">
            <root url="jar://$APPLICATION_HOME_DIR$/plugins/java/lib/resources/jdkAnnotations.jar!/" type="simple" />
          </root>
        </annotationsPath>
        <classPath>
          <root type="composite">
            <root url="jrt://C:/Develop/Android/Android Studio/jbr!/java.base" type="simple" />
            <root url="jrt://C:/Develop/Android/Android Studio/jbr!/java.compiler" type="simple" />
            <root url="jrt://C:/Develop/Android/Android Studio/jbr!/java.datatransfer" type="simple" />
            <root url="jrt://C:/Develop/Android/Android Studio/jbr!/java.desktop" type="simple" />
            <root url="jrt://C:/Develop/Android/Android Studio/jbr!/java.instrument" type="simple" />
            <root url="jrt://C:/Develop/Android/Android Studio/jbr!/java.logging" type="simple" />
            <root url="jrt://C:/Develop/Android/Android Studio/jbr!/java.management" type="simple" />
            <root url="jrt://C:/Develop/Android/Android Studio/jbr!/java.management.rmi" type="simple" />
            <root url="jrt://C:/Develop/Android/Android Studio/jbr!/java.naming" type="simple" />
            <root url="jrt://C:/Develop/Android/Android Studio/jbr!/java.net.http" type="simple" />
            <root url="jrt://C:/Develop/Android/Android Studio/jbr!/java.prefs" type="simple" />
            <root url="jrt://C:/Develop/Android/Android Studio/jbr!/java.rmi" type="simple" />
            <root url="jrt://C:/Develop/Android/Android Studio/jbr!/java.scripting" type="simple" />
            <root url="jrt://C:/Develop/Android/Android Studio/jbr!/java.se" type="simple" />
            <root url="jrt://C:/Develop/Android/Android Studio/jbr!/java.security.jgss" type="simple" />
            <root url="jrt://C:/Develop/Android/Android Studio/jbr!/java.security.sasl" type="simple" />
            <root url="jrt://C:/Develop/Android/Android Studio/jbr!/java.smartcardio" type="simple" />
            <root url="jrt://C:/Develop/Android/Android Studio/jbr!/java.sql" type="simple" />
            <root url="jrt://C:/Develop/Android/Android Studio/jbr!/java.sql.rowset" type="simple" />
            <root url="jrt://C:/Develop/Android/Android Studio/jbr!/java.transaction.xa" type="simple" />
            <root url="jrt://C:/Develop/Android/Android Studio/jbr!/java.xml" type="simple" />
            <root url="jrt://C:/Develop/Android/Android Studio/jbr!/java.xml.crypto" type="simple" />
            <root url="jrt://C:/Develop/Android/Android Studio/jbr!/jdk.accessibility" type="simple" />
            <root url="jrt://C:/Develop/Android/Android Studio/jbr!/jdk.attach" type="simple" />
            <root url="jrt://C:/Develop/Android/Android Studio/jbr!/jdk.charsets" type="simple" />
            <root url="jrt://C:/Develop/Android/Android Studio/jbr!/jdk.compiler" type="simple" />
            <root url="jrt://C:/Develop/Android/Android Studio/jbr!/jdk.crypto.cryptoki" type="simple" />
            <root url="jrt://C:/Develop/Android/Android Studio/jbr!/jdk.crypto.ec" type="simple" />
            <root url="jrt://C:/Develop/Android/Android Studio/jbr!/jdk.dynalink" type="simple" />
            <root url="jrt://C:/Develop/Android/Android Studio/jbr!/jdk.hotspot.agent" type="simple" />
            <root url="jrt://C:/Develop/Android/Android Studio/jbr!/jdk.httpserver" type="simple" />
            <root url="jrt://C:/Develop/Android/Android Studio/jbr!/jdk.internal.ed" type="simple" />
            <root url="jrt://C:/Develop/Android/Android Studio/jbr!/jdk.internal.jvmstat" type="simple" />
            <root url="jrt://C:/Develop/Android/Android Studio/jbr!/jdk.internal.le" type="simple" />
            <root url="jrt://C:/Develop/Android/Android Studio/jbr!/jdk.internal.opt" type="simple" />
            <root url="jrt://C:/Develop/Android/Android Studio/jbr!/jdk.internal.vm.ci" type="simple" />
            <root url="jrt://C:/Develop/Android/Android Studio/jbr!/jdk.internal.vm.compiler" type="simple" />
            <root url="jrt://C:/Develop/Android/Android Studio/jbr!/jdk.internal.vm.compiler.management" type="simple" />
            <root url="jrt://C:/Develop/Android/Android Studio/jbr!/jdk.jartool" type="simple" />
            <root url="jrt://C:/Develop/Android/Android Studio/jbr!/jdk.javadoc" type="simple" />
            <root url="jrt://C:/Develop/Android/Android Studio/jbr!/jdk.jcmd" type="simple" />
            <root url="jrt://C:/Develop/Android/Android Studio/jbr!/jdk.jdeps" type="simple" />
            <root url="jrt://C:/Develop/Android/Android Studio/jbr!/jdk.jdi" type="simple" />
            <root url="jrt://C:/Develop/Android/Android Studio/jbr!/jdk.jdwp.agent" type="simple" />
            <root url="jrt://C:/Develop/Android/Android Studio/jbr!/jdk.jfr" type="simple" />
            <root url="jrt://C:/Develop/Android/Android Studio/jbr!/jdk.jlink" type="simple" />
            <root url="jrt://C:/Develop/Android/Android Studio/jbr!/jdk.jsobject" type="simple" />
            <root url="jrt://C:/Develop/Android/Android Studio/jbr!/jdk.localedata" type="simple" />
            <root url="jrt://C:/Develop/Android/Android Studio/jbr!/jdk.management" type="simple" />
            <root url="jrt://C:/Develop/Android/Android Studio/jbr!/jdk.management.agent" type="simple" />
            <root url="jrt://C:/Develop/Android/Android Studio/jbr!/jdk.management.jfr" type="simple" />
            <root url="jrt://C:/Develop/Android/Android Studio/jbr!/jdk.naming.dns" type="simple" />
            <root url="jrt://C:/Develop/Android/Android Studio/jbr!/jdk.naming.rmi" type="simple" />
            <root url="jrt://C:/Develop/Android/Android Studio/jbr!/jdk.net" type="simple" />
            <root url="jrt://C:/Develop/Android/Android Studio/jbr!/jdk.sctp" type="simple" />
            <root url="jrt://C:/Develop/Android/Android Studio/jbr!/jdk.security.auth" type="simple" />
            <root url="jrt://C:/Develop/Android/Android Studio/jbr!/jdk.security.jgss" type="simple" />
            <root url="jrt://C:/Develop/Android/Android Studio/jbr!/jdk.unsupported" type="simple" />
            <root url="jrt://C:/Develop/Android/Android Studio/jbr!/jdk.unsupported.desktop" type="simple" />
            <root url="jrt://C:/Develop/Android/Android Studio/jbr!/jdk.xml.dom" type="simple" />
            <root url="jrt://C:/Develop/Android/Android Studio/jbr!/jdk.zipfs" type="simple" />
          </root>
        </classPath>
        <javadocPath>
          <root type="composite" />
        </javadocPath>
        <sourcePath>
          <root type="composite" />
        </sourcePath>
      </roots>
      <additional />
    </jdk>
  </component>
</application>