<application>
  <component name="ParameterNameHintsSettings">
    <blacklists>
      <blacklist language="Java">
        <added pattern="java.io.PrintStream.println()" />
      </blacklist>
      <blacklist language="Kotlin">
        <added pattern="com.chad.library.adapter.base.BaseQuickAdapter(layoutResId,data)" />
      </blacklist>
    </blacklists>
    <option id="SHOW_PROPERTY_HINT" value="true" />
    <option id="SHOW_LOCAL_VARIABLE_HINT" value="true" />
    <option id="SHOW_FUNCTION_HINT" value="true" />
    <option id="SHOW_PARAMETER_TYPE_HINT" value="true" />
  </component>
</application>