<application>
  <component name="ProjectManager">
    <defaultProject>
      <component name="CMakeSettings">
        <configurations>
          <configuration PROFILE_NAME="Debug" CONFIG_NAME="Debug" />
        </configurations>
      </component>
      <component name="ProjectCodeStyleConfiguration">
        <code_scheme name="Project" version="173">
          <codeStyleSettings language="XML">
            <indentOptions>
              <option name="CONTINUATION_INDENT_SIZE" value="4" />
            </indentOptions>
            <arrangement>
              <rules>
                <section>
                  <rule>
                    <match>
                      <AND>
                        <NAME>xmlns:android</NAME>
                        <XML_ATTRIBUTE />
                        <XML_NAMESPACE>^$</XML_NAMESPACE>
                      </AND>
                    </match>
                  </rule>
                </section>
                <section>
                  <rule>
                    <match>
                      <AND>
                        <NAME>xmlns:.*</NAME>
                        <XML_ATTRIBUTE />
                        <XML_NAMESPACE>^$</XML_NAMESPACE>
                      </AND>
                    </match>
                    <order>BY_NAME</order>
                  </rule>
                </section>
                <section>
                  <rule>
                    <match>
                      <AND>
                        <NAME>.*:id</NAME>
                        <XML_ATTRIBUTE />
                        <XML_NAMESPACE>http://schemas.android.com/apk/res/android</XML_NAMESPACE>
                      </AND>
                    </match>
                  </rule>
                </section>
                <section>
                  <rule>
                    <match>
                      <AND>
                        <NAME>.*:name</NAME>
                        <XML_ATTRIBUTE />
                        <XML_NAMESPACE>http://schemas.android.com/apk/res/android</XML_NAMESPACE>
                      </AND>
                    </match>
                  </rule>
                </section>
                <section>
                  <rule>
                    <match>
                      <AND>
                        <NAME>name</NAME>
                        <XML_ATTRIBUTE />
                        <XML_NAMESPACE>^$</XML_NAMESPACE>
                      </AND>
                    </match>
                  </rule>
                </section>
                <section>
                  <rule>
                    <match>
                      <AND>
                        <NAME>style</NAME>
                        <XML_ATTRIBUTE />
                        <XML_NAMESPACE>^$</XML_NAMESPACE>
                      </AND>
                    </match>
                  </rule>
                </section>
                <section>
                  <rule>
                    <match>
                      <AND>
                        <NAME>.*</NAME>
                        <XML_ATTRIBUTE />
                        <XML_NAMESPACE>^$</XML_NAMESPACE>
                      </AND>
                    </match>
                    <order>BY_NAME</order>
                  </rule>
                </section>
                <section>
                  <rule>
                    <match>
                      <AND>
                        <NAME>.*</NAME>
                        <XML_ATTRIBUTE />
                        <XML_NAMESPACE>http://schemas.android.com/apk/res/android</XML_NAMESPACE>
                      </AND>
                    </match>
                    <order>ANDROID_ATTRIBUTE_ORDER</order>
                  </rule>
                </section>
                <section>
                  <rule>
                    <match>
                      <AND>
                        <NAME>.*</NAME>
                        <XML_ATTRIBUTE />
                        <XML_NAMESPACE>.*</XML_NAMESPACE>
                      </AND>
                    </match>
                    <order>BY_NAME</order>
                  </rule>
                </section>
              </rules>
            </arrangement>
          </codeStyleSettings>
        </code_scheme>
      </component>
      <component name="ProjectInspectionProfilesVisibleTreeState">
        <entry key="Project Default">
          <profile-state>
            <expanded-state>
              <State>
                <id />
              </State>
              <State>
                <id>AccessibilityLintAndroid</id>
              </State>
              <State>
                <id>Android</id>
              </State>
              <State>
                <id>Bidirectional TextInternationalizationLintAndroid</id>
              </State>
              <State>
                <id>Chrome OSCorrectnessLintAndroid</id>
              </State>
              <State>
                <id>Class structureJava</id>
              </State>
              <State>
                <id>CorrectnessLintAndroid</id>
              </State>
              <State>
                <id>IconsUsabilityLintAndroid</id>
              </State>
              <State>
                <id>InternationalizationLintAndroid</id>
              </State>
              <State>
                <id>Java</id>
              </State>
              <State>
                <id>Javadoc issuesJava</id>
              </State>
              <State>
                <id>LintAndroid</id>
              </State>
              <State>
                <id>LintLintAndroid</id>
              </State>
              <State>
                <id>MessagesCorrectnessLintAndroid</id>
              </State>
              <State>
                <id>PerformanceLintAndroid</id>
              </State>
              <State>
                <id>SecurityLintAndroid</id>
              </State>
              <State>
                <id>TypographyUsabilityLintAndroid</id>
              </State>
              <State>
                <id>UsabilityLintAndroid</id>
              </State>
            </expanded-state>
          </profile-state>
        </entry>
      </component>
      <component name="ProjectRootManager" version="2" languageLevel="JDK_1_3" />
      <component name="PropertiesComponent">
        <property name="android.sdk.path" value="C:/Users/wei_he_old/AppData/Local/Android/Sdk" />
        <property name="last_opened_file_path" value="C:/AsSpce" />
        <property name="project.structure.last.edited" value="SDK Location" />
        <property name="project.structure.proportion" value="0.17" />
        <property name="project.structure.side.proportion" value="0.0" />
        <property name="settings.editor.selected.configurable" value="AndroidSdkUpdater" />
      </component>
      <component name="RunManager">
        <configuration default="true" type="Application" factoryName="Application">
          <extension name="coverage" enabled="false" merge="false" sample_coverage="true" runner="idea" />
          <option name="MAIN_CLASS_NAME" />
          <option name="VM_PARAMETERS" />
          <option name="PROGRAM_PARAMETERS" />
          <option name="WORKING_DIRECTORY" value="$PROJECT_DIR$" />
          <option name="ALTERNATIVE_JRE_PATH_ENABLED" value="false" />
          <option name="ALTERNATIVE_JRE_PATH" />
          <option name="ENABLE_SWING_INSPECTOR" value="false" />
          <option name="ENV_VARIABLES" />
          <option name="PASS_PARENT_ENVS" value="true" />
          <module name="" />
          <envs />
          <method />
        </configuration>
        <configuration default="true" type="JUnit" factoryName="JUnit">
          <extension name="coverage" enabled="false" merge="false" sample_coverage="true" runner="idea" />
          <module name="" />
          <option name="ALTERNATIVE_JRE_PATH_ENABLED" value="false" />
          <option name="ALTERNATIVE_JRE_PATH" />
          <option name="PACKAGE_NAME" />
          <option name="MAIN_CLASS_NAME" />
          <option name="METHOD_NAME" />
          <option name="TEST_OBJECT" value="class" />
          <option name="VM_PARAMETERS" value="-ea" />
          <option name="PARAMETERS" />
          <option name="WORKING_DIRECTORY" value="$MODULE_DIR$" />
          <option name="ENV_VARIABLES" />
          <option name="PASS_PARENT_ENVS" value="true" />
          <option name="TEST_SEARCH_SCOPE">
            <value defaultName="singleModule" />
          </option>
          <envs />
          <patterns />
          <method />
        </configuration>
        <configuration default="true" type="Remote" factoryName="Remote">
          <option name="USE_SOCKET_TRANSPORT" value="true" />
          <option name="SERVER_MODE" value="false" />
          <option name="SHMEM_ADDRESS" value="javadebug" />
          <option name="HOST" value="localhost" />
          <option name="PORT" value="5005" />
          <method />
        </configuration>
        <configuration default="true" type="TestNG" factoryName="TestNG">
          <extension name="coverage" enabled="false" merge="false" sample_coverage="true" runner="idea" />
          <module name="" />
          <option name="ALTERNATIVE_JRE_PATH_ENABLED" value="false" />
          <option name="ALTERNATIVE_JRE_PATH" />
          <option name="SUITE_NAME" />
          <option name="PACKAGE_NAME" />
          <option name="MAIN_CLASS_NAME" />
          <option name="METHOD_NAME" />
          <option name="GROUP_NAME" />
          <option name="TEST_OBJECT" value="CLASS" />
          <option name="VM_PARAMETERS" value="-ea" />
          <option name="PARAMETERS" />
          <option name="WORKING_DIRECTORY" value="$MODULE_DIR$" />
          <option name="OUTPUT_DIRECTORY" />
          <option name="ANNOTATION_TYPE" />
          <option name="ENV_VARIABLES" />
          <option name="PASS_PARENT_ENVS" value="true" />
          <option name="TEST_SEARCH_SCOPE">
            <value defaultName="singleModule" />
          </option>
          <option name="USE_DEFAULT_REPORTERS" value="false" />
          <option name="PROPERTIES_FILE" />
          <envs />
          <properties />
          <listeners />
          <method />
        </configuration>
        <configuration name="&lt;template&gt;" type="Applet" default="true" selected="false">
          <option name="MAIN_CLASS_NAME" />
          <option name="HTML_FILE_NAME" />
          <option name="HTML_USED" value="false" />
          <option name="WIDTH" value="400" />
          <option name="HEIGHT" value="300" />
          <option name="POLICY_FILE" value="$APPLICATION_HOME_DIR$/bin/appletviewer.policy" />
          <option name="VM_PARAMETERS" />
        </configuration>
        <configuration name="&lt;template&gt;" type="#org.jetbrains.idea.devkit.run.PluginConfigurationType" default="true" selected="false">
          <option name="VM_PARAMETERS" value="-Xmx512m -Xms256m -XX:MaxPermSize=250m -ea" />
        </configuration>
      </component>
      <component name="SvnConfiguration">
        <configuration>C:\Users\18049293\AppData\Roaming\Subversion</configuration>
      </component>
      <component name="VcsContentAnnotationSettings">
        <option name="myLimit" value="2678400000" />
      </component>
      <component name="masterDetails">
        <states>
          <state key="ProjectJDKs.UI">
            <settings>
              <last-edited>Android API 25 Platform</last-edited>
              <splitter-proportions>
                <option name="proportions">
                  <list>
                    <option value="0.2" />
                  </list>
                </option>
              </splitter-proportions>
            </settings>
          </state>
        </states>
      </component>
    </defaultProject>
  </component>
</application>