<application>
  <component name="UpdatesConfigurable">
    <ignoredBuildNumbers>
      <item value="emulator#31.2.10" />
      <item value="extras;intel;Hardware_Accelerated_Execution_Manager#7.6.5" />
      <item value="platform-tools#33.0.2" />
      <item value="skiaparser;1#6" />
      <item value="system-images;android-25;google_apis;arm64-v8a#19" />
      <item value="system-images;android-29;google_apis;x86#12" />
    </ignoredBuildNumbers>
    <option name="LAST_BUILD_CHECKED" value="AI-222.4459.24.2221.9971841" />
    <option name="LAST_TIME_CHECKED" value="1683427735533" />
    <option name="THIRD_PARTY_PLUGINS_ALLOWED" value="true" />
    <option name="UPDATE_CHANNEL_TYPE" value="release" />
  </component>
</application>