<application>
  <component name="VisualizationTool">
    <option name="state">
      <GlobalState>
        <option name="customConfigurationAttributes">
          <list>
            <CustomConfigurationAttribute>
              <option name="apiLevel" value="30" />
              <option name="deviceId" value="Huawei" />
              <option name="name" value="Huawei" />
              <option name="nightMode" value="NOTNIGHT" />
              <option name="orientation" value="PORTRAIT" />
              <option name="theme" value="ActionSheetDialogStyle" />
              <option name="uiMode" value="NORMAL" />
            </CustomConfigurationAttribute>
          </list>
        </option>
        <option name="firstTimeOpen" value="false" />
        <option name="scale" value="0.2750096562379297" />
      </GlobalState>
    </option>
  </component>
</application>