<application>
  <component name="Translation.Cache">
    <option name="lastTrimTime" value="1682562687630" />
  </component>
  <component name="Translation.Settings">
    <option name="translator" value="MICROSOFT" />
  </component>
  <component name="Translation.States">
    <histories>
      <item value="Free the native object associated with this bitmap, and clear the reference to the pixel data. This will not free the pixel data synchronously; it simply allows it to be garbage collected if there are no other references. The bitmap is marked as &quot;dead&quot;, meaning it will throw an exception if getPixels() or setPixels() is called, and will draw nothing. This operation cannot be reversed, so it should only be called if you are sure there are no further uses for the bitmap. This is an advanced call, and normally need not be called, since the normal GC process will free up this memory when there are no more references to this bitmap." />
      <item value="Here the coroutine could have waited for a while to be dispatched, so we use the most recent state here to ensure the best possible conflation of stale values" />
      <item value="Deduction" />
      <item value="BZZZTT!!1! &lt;p&gt;Provide haptic feedback to the user for this view. &lt;p&gt;The framework will provide haptic feedback for some built in actions, such as long presses, but you may wish to provide feedback for your own widget. &lt;p&gt;The feedback will only be performed if {@link isHapticFeedbackEnabled()} is true. @param feedbackConstant One of the constants defined in {@link HapticFeedbackConstants}" />
      <item value="&lt;p&gt;Establish the link by creating an instance of this class, make sure the ViewPager2 has an adapter and then call {@link attach()} on it. Instantiating a TabLayoutMediator will only create the mediator object, {@link attach()} will link the TabLayout and the ViewPager2 together. When creating an instance of this class, you must supply an implementation of {@link TabConfigurationStrategy} in which you set the text of the tab, andor perform any styling of the tabs that you require. Changing ViewPager2's adapter will require a {@link detach()} followed by {@link attach()} call. Changing the ViewPager2 or TabLayout will require a new instantiation of TabLayoutMediator." />
      <item value="When set to false, prevents the layout from aligning its children's baselines. This attribute is particularly useful when the children use different values for gravity. The default value is true. --&gt;" />
      <item value="This case relates to when the anchor child is the focused view and due to layout shrinking the focused view fell outside the viewport, e.g. when soft keyboard shows up after tapping an EditText which shrinks RV causing the focused view (The tapped EditText which is the anchor child) to get kicked out of the screen. Will update the anchor coordinate in order to make sure that the focused view is laid out. Otherwise, the available space in layoutState will be calculated as negative preventing the focused view from being laid out in fill. Note that we won't update the anchor position between layout passes (refer to TestResizingRelayoutWithAutoMeasure), which happens if we were to call updateAnchorInfoForLayout for an anchor that's not the focused view (e.g. a reference child which can change between layout passes)." />
      <item value="Finds an anchor child from existing Views. Most of the time, this is the view closest to start or end that has a valid position (e.g. not removed). &lt;p&gt; If a child has focus, it is given priority." />
      <item value="The smallest table capacity for which bins may be treeified. (Otherwise the table is resized if too many nodes in a bin.) Should be at least 4 TREEIFY_THRESHOLD to avoid conflicts between resizing and treeification thresholds." />
      <item value="No signature of method: java.lang.String.matcher() is applicable for argument types" />
      <item value="pulgada" />
      <item value="m Us Various Visa" />
      <item value="Returns a {@link java.text.DateFormat} object that can format the date in medium form (such as {@code Jan 3, 2000}) for the context's locale. @param context the application context @return the {@link java.text.DateFormat} object that formats the date in long form." />
      <item value="Returns a {@link java.text.DateFormat} object that can format the date in short form according to the context's locale. @param context the application context @return the {@link java.text.DateFormat} object that properly formats the date." />
      <item value="Returns a {@link java.text.DateFormat} object that can format the date in long form (such as {@code Monday, January 3, 2000}) for the context's locale. @param context the application context @return the {@link java.text.DateFormat} object that formats the date in long form." />
      <item value="This transition captures the scroll properties of targets before and after the scene change and animates any changes." />
      <item value="Reverses the Activity Scene entry Transition and triggers the calling Activity to reverse its exit Transition. When the exit Transition completes, {@link finish()} is called. If no entry Transition was used, finish() is called immediately and the Activity exit Transition is run. @see android.app.ActivityOptionsmakeSceneTransitionAnimation(Activity, android.util.Pair[])" />
      <item value="This transition tracks changes to the visibility of target views in the start and end scenes. Visibility is determined not just by the {@link ViewsetVisibility(int)} state of views, but also whether views exist in the current view hierarchy. The class is intended to be a utility for subclasses such as {@link Fade}, which use this visibility information to determine the specific animations to run when visibility changes occur. Subclasses should implement one or both of the methods {@link onAppear(ViewGroup, TransitionValues, int, TransitionValues, int)}, {@link onDisappear(ViewGroup, TransitionValues, int, TransitionValues, int)} or {@link onAppear(ViewGroup, View, TransitionValues, TransitionValues)}, {@link onDisappear(ViewGroup, View, TransitionValues, TransitionValues)}." />
      <item value="This transition tracks changes to the visibility of target views in the start and end scenes and moves views in or out from one of the edges of the scene. Visibility is determined by both the {@link ViewsetVisibility(int)} state of the view as well as whether it is parented in the current view hierarchy. Disappearing Views are limited as described in {@link VisibilityonDisappear(android.view.ViewGroup, TransitionValues, int, TransitionValues, int)}." />
      <item value="Flag for requesting that window content changes should be animated using a TransitionManager. &lt;p&gt;The TransitionManager is set using {@link setTransitionManager(android.transition.TransitionManager)}. If none is set, a default TransitionManager will be used.&lt;p&gt; @see setContentView" />
      <item value="Sets the degrees that the view is rotated around the pivot point. Increasing values result in clockwise rotation." />
      <item value="Called when the child view is no longer being actively dragged. The fling velocity is also supplied, if relevant. The velocity values may be clamped to system minimums or maximums. &lt;p&gt;Calling code may decide to fling or otherwise release the view to let it settle into place. It should do so using {@link settleCapturedViewAt(int, int)} or {@link flingCapturedView(int, int, int, int)}. If the Callback invokes one of these methods, the ViewDragHelper will enter {@link STATE_SETTLING} and the view capture will not fully end until it comes to a complete stop. If neither of these methods is invoked before &lt;code&gt;onViewReleased&lt;code&gt; returns, the view will stop in place and the ViewDragHelper will return to {@link STATE_IDLE}.&lt;p&gt; @param releasedChild The captured child view now being released @param xvel X velocity of the pointer as it left the screen in pixels per second. @param yvel Y velocity of the pointer as it left the screen in pixels per second." />
      <item value="Android-changed: Add &quot;limit&quot; field to detect end of iteration. The &quot;limit&quot; of this iterator. This is the size of the list at the time the iterator was created. Adding &amp; removing elements will invalidate the iteration anyway (and cause next() to throw) so saving this value will guarantee that the value of hasNext() remains stable and won't flap between true and false when elements are added and removed from the list." />
      <item value="Kotlin's compilation in a &quot;fat&quot; project may contain a lot of small files that is slow to copy So we speeding it up by archiving them into single zip file without compression. Such approach reduces snapshotting time up to half ot the time needed to copy similar files." />
      <item value="A shared flow configured with a [BufferOverflow] strategy other than [SUSPEND][BufferOverflow.SUSPEND] (either [DROP_OLDEST][BufferOverflow.DROP_OLDEST] or [DROP_LATEST][BufferOverflow.DROP_LATEST]) never suspends on [emit], and thus `tryEmit` to such a shared flow always returns `true`." />
      <item value="&lt;p&gt;Note that the fail-fast behavior of an iterator cannot be guaranteed as it is, generally speaking, impossible to make any hard guarantees in the presence of unsynchronized concurrent modification. Fail-fast iterators throw {@code ConcurrentModificationException} on a best-effort basis. Therefore, it would be wrong to write a program that depended on this exception for its correctness: &lt;i&gt;the fail-fast behavior of iterators should be used only to detect bugs.&lt;i&gt;" />
      <item value="The iterators returned by this class's {@link iterator() iterator} and {@link listIterator(int) listIterator} methods are &lt;em&gt;fail-fast&lt;em&gt;:&lt;a&gt; if the list is structurally modified at any time after the iterator is created, in any way except through the iterator's own {@link ListIteratorremove() remove} or {@link ListIteratoradd(Object) add} methods, the iterator will throw a {@link ConcurrentModificationException}. Thus, in the face of concurrent modification, the iterator fails quickly and cleanly, rather than risking arbitrary, non-deterministic behavior at an undetermined time in the future." />
      <item value="The iterators returned by this class's {@link iterator() iterator} and {@link listIterator(int) listIterator} methods are &lt;em&gt;fail-fast&lt;em&gt;:&lt;a&gt; if the list is structurally modified at any time after the iterator is created, in any way except through the iterator's own {@link ListIteratorremove() remove} or {@link ListIteratoradd(Object) add} methods, the iterator will throw a {@link ConcurrentModificationException}. Thus, in the face of concurrent modification, the iterator fails quickly and cleanly, rather than risking arbitrary, non-deterministic behavior at an undetermined time in the future. &lt;p&gt;Note that the fail-fast behavior of an iterator cannot be guaranteed as it is, generally speaking, impossible to make any hard guarantees in the presence of unsynchronized concurrent modification. Fail-fast iterators throw {@code ConcurrentModificationException} on a best-effort basis. Therefore, it would be wrong to write a program that depended on this exception for its correctness: &lt;i&gt;the fail-fast behavior of iterators should be used only to detect bugs.&lt;i&gt;" />
    </histories>
    <option name="languageScores">
      <map>
        <entry key="CHINESE" value="24" />
        <entry key="ENGLISH" value="25" />
        <entry key="SPANISH" value="1" />
      </map>
    </option>
  </component>
</application>