<application>
  <component name="AndroidLogcatFilterHistory">
    <option name="nonFavorites">
      <list>
        <option value="package:mine " />
        <option value="package:mine download firstPage big image in mainDocFragment" />
        <option value="package:mine SyncApiNew" />
        <option value="package:mine fatal" />
        <option value="package:mine  start local office import by path" />
        <option value="package:mine  SyncMsg" />
        <option value="package:mine  " />
        <option value="package:mine  WxDocImportManager" />
        <option value="package:mine  fatal" />
        <option value="package:mine downloadImageFile pageSyncI" />
        <option value="package:mine url: https://cs1-sandbox.intsig.net/sync/download_resize_jpg" />
        <option value="package:mine https://cs1-sandbox.intsig.net/sync/download_resize_jpg" />
        <option value="package:mine resize_jpg" />
        <option value="package:mine batch_update_lite" />
        <option value="package:mine LiteDocDataHandler" />
        <option value="package:mine download_resize" />
        <option value="package:mine batch_update_reverse" />
        <option value="package:mine click a document" />
        <option value="package:mine TagSyncOperation" />
        <option value="package:mine CaptureActivity" />
      </list>
    </option>
  </component>
</application>