<application>
  <component name="Translation.Cache">
    <option name="lastTrimTime" value="1708511821672" />
  </component>
  <component name="Translation.Settings">
    <option name="primaryLanguage" value="CHINESE" />
    <option name="translator" value="MICROSOFT" />
  </component>
  <component name="Translation.States">
    <option name="newTranslationDialogHeight" value="260" />
    <option name="newTranslationDialogX" value="574" />
    <option name="newTranslationDialogY" value="395" />
    <histories>
      <item value="Resolution and querying flag: if set, only filters that support the {@link android.content.IntentCATEGORY_DEFAULT} will be considered for matching. This is a synonym for including the CATEGORY_DEFAULT in your supplied Intent." />
      <item value="Querying flag: if set and if the platform is doing any filtering of the results, then the filtering will not happen. This is a synonym for saying that all results should be returned. &lt;p&gt; &lt;em&gt;This flag should be used with extreme care.&lt;em&gt;" />
      <item value="A {@link Set} that further provides a &lt;i&gt;total ordering&lt;i&gt; on its elements. The elements are ordered using their {@linkplain Comparable natural ordering}, or by a {@link Comparator} typically provided at sorted set creation time. The set's iterator will traverse the set in ascending element order. Several additional operations are provided to take advantage of the ordering. (This interface is the set analogue of {@link SortedMap}.) &lt;p&gt;All elements inserted into a sorted set must implement the {@code Comparable} interface (or be accepted by the specified comparator). Furthermore, all such elements must be &lt;i&gt;mutually comparable&lt;i&gt;: {@code e1.compareTo(e2)} (or {@code comparator.compare(e1, e2)}) must not throw a {@code ClassCastException} for any elements {@code e1} and {@code e2} in the sorted set. Attempts to violate this restriction will cause the offending method or constructor invocation to throw a {@code ClassCastException}. &lt;p&gt;Note that the ordering maintained by a sorted set (whether or not an explicit comparator is provided) must be &lt;i&gt;consistent with equals&lt;i&gt; if the sorted set is to correctly implement the {@code Set} interface. (See the {@code Comparable} interface or {@code Comparator} interface for a precise definition of &lt;i&gt;consistent with equals&lt;i&gt;.) This is so because the {@code Set} interface is defined in terms of the {@code equals} operation, but a sorted set performs all element comparisons using its {@code compareTo} (or {@code compare}) method, so two elements that are deemed equal by this method are, from the standpoint of the sorted set, equal. The behavior of a sorted set &lt;i&gt;is&lt;i&gt; well-defined even if its ordering is inconsistent with equals; it just fails to obey the general contract of the {@code Set} interface. &lt;p&gt;All general-purpose sorted set implementation classes should provide four &quot;standard&quot; constructors: 1) A void (no arguments) constructor, which creates an empty sorted set sorted according to the natural ordering of its elements. 2) A constructor with a single argument of type {@code Comparator}, which creates an empty sorted set sorted according to the specified comparator. 3) A constructor with a single argument of type {@code Collection}, which creates a new sorted set with the same elements as its argument, sorted according to the natural ordering of the elements. 4) A constructor with a single argument of type {@code SortedSet}, which creates a new sorted set with the same elements and the same ordering as the input sorted set. There is no way to enforce this recommendation, as interfaces cannot contain constructors. &lt;p&gt;Note: several methods return subsets with restricted ranges. Such ranges are &lt;i&gt;half-open&lt;i&gt;, that is, they include their low endpoint but not their high endpoint (where applicable). If you need a &lt;i&gt;closed range&lt;i&gt; (which includes both endpoints), and the element type allows for calculation of the successor of a given value, merely request the subrange from {@code lowEndpoint} to {@code successor(highEndpoint)}. For example, suppose that {@code s} is a sorted set of strings. The following idiom obtains a view containing all of the strings in {@code s} from {@code low} to {@code high}, inclusive:&lt;pre&gt; SortedSet&amp;lt;String&amp;gt; sub = s.subSet(low, high+&quot;\0&quot;);&lt;pre&gt; A similar technique can be used to generate an &lt;i&gt;open range&lt;i&gt; (which contains neither endpoint). The following idiom obtains a view containing all of the Strings in {@code s} from {@code low} to {@code high}, exclusive:&lt;pre&gt; SortedSet&amp;lt;String&amp;gt; sub = s.subSet(low+&quot;\0&quot;, high);&lt;pre&gt; &lt;p&gt;This interface is a member of the &lt;a href=&quot;{@docRoot}java.basejavautilpackage-summary.htmlCollectionsFramework&quot;&gt; Java Collections Framework&lt;a&gt;. @param &lt;E&gt; the type of elements maintained by this set" />
      <item value="resent Number Limit" />
      <item value="resent" />
      <item value="@param nullColumnHack optional; may be &lt;code&gt;null&lt;code&gt;. SQL doesn't allow inserting a completely empty row without naming at least one column name. If your provided &lt;code&gt;values&lt;code&gt; is empty, no column names are known and an empty row can't be inserted. If not set to null, the &lt;code&gt;nullColumnHack&lt;code&gt; parameter provides the name of nullable column name to explicitly insert a NULL into in the case where your &lt;code&gt;values&lt;code&gt; is empty. @param values this map contains the initial column values for the row. The keys should be the column names and the values the column values" />
      <item value="Inserts multiple rows into a table at the given URL. This function make no guarantees about the atomicity of the insertions. @param url The URL of the table to insert into. @param values The initial values for the newly inserted rows. The key is the column name for the field. Passing null will create an empty row. @return the number of newly created rows." />
      <item value="If false (default), core threads stay alive even when idle. If true, core threads use keepAliveTime to time out waiting for work." />
      <item value="Sets the policy governing whether core threads may time out and terminate if no tasks arrive within the keep-alive time, being replaced if needed when new tasks arrive. When false, core threads are never terminated due to lack of incoming tasks. When true, the same keep-alive policy applying to non-core threads applies also to core threads. To avoid continual thread replacement, the keep-alive time must be greater than zero when setting {@code true}. This method should in general be called before the pool is actively used. @param value {@code true} if should time out, else {@code false} @throws IllegalArgumentException if value is {@code true} and the current keep-alive time is not greater than zero @since 1.6" />
      <item value="corrupt" />
      <item value="Optionally set size for newly created {@code CursorWindow}s and return the old size. @param newSize new size to be set, or 0 if keep it unchanged @return the old size" />
      <item value="The cursor window size. resource xml file specifies the value in kB. convert it to bytes here by multiplying with 1024." />
      <item value="Executes an external command. &lt;p&gt; The given action configures a {@link org.gradle.process.ExecSpec}, which is used to launch the process. This method blocks until the process terminates, with its result being returned. @param action The action for configuring the execution. @return the result of the execution" />
      <item value="wildcard" />
      <item value="compare By Descending" />
      <item value="Creates a descending comparator using the primary comparator and the function to transform value to a [Comparable] instance for comparison. @sample samples.comparisons.Comparisons.thenByDescending" />
      <item value="Installed [handler] should not throw any exceptions. If it does, they will get caught, wrapped into [CompletionHandlerException], and rethrown, potentially causing crash of unrelated code." />
      <item value="If the [Job] of the current coroutine is cancelled or completed while this suspending function is waiting, this function immediately resumes with [CancellationException]." />
      <item value="Returns `true` if this continuation was [cancelled][cancel]. It implies that [isActive] is `false` and [isCompleted] is `true`." />
      <item value="Returns completed result or throws [IllegalStateException] if this deferred value has not [completed][isCompleted] yet. It throws the corresponding exception if this deferred was [cancelled][isCancelled]. This function is designed to be used from [invokeOnCompletion] handlers, when there is an absolute certainty that the value is already complete. See also [getCompletionExceptionOrNull]. Note: This is an experimental api. This function may be removed or renamed in the future." />
      <item value="TYPE DOC ID" />
      <item value="@return Return true to steal motion events from the children and have them dispatched to this ViewGroup through onTouchEvent(). The current target will receive an ACTION_CANCEL event, and no further messages will be delivered here." />
      <item value="ViewGroup does the right thing already, but there might be other classes that don't properly reset on touch-up, so do this explicitly just in case." />
      <item value="Sets whether this bottom sheet is can be collapsedexpanded by dragging. Note: When disabling dragging, an app will require to implement a custom way to expandcollapse the bottom sheet @param draggable {@code false} to prevent dragging the sheet to collapse and expand @attr ref com.google.android.material.R.styleableBottomSheetBehavior_Layout_behavior_draggable" />
      <item value="Gets whether this bottom sheet can hide when it is swiped down. @return {@code true} if this bottom sheet can hide. @attr ref com.google.android.material.R.styleableBottomSheetBehavior_Layout_behavior_hideable" />
      <item value="Compares its two arguments for order. Returns a negative integer, zero, or a positive integer as the first argument is less than, equal to, or greater than the second.&lt;p&gt; The implementor must ensure that {@code sgn(compare(x, y)) == -sgn(compare(y, x))} for all {@code x} and {@code y}. (This implies that {@code compare(x, y)} must throw an exception if and only if {@code compare(y, x)} throws an exception.)&lt;p&gt; The implementor must also ensure that the relation is transitive: {@code ((compare(x, y)&gt;0) &amp;&amp; (compare(y, z)&gt;0))} implies {@code compare(x, z)&gt;0}.&lt;p&gt; Finally, the implementor must ensure that {@code compare(x, y)==0} implies that {@code sgn(compare(x, z))==sgn(compare(y, z))} for all {@code z}.&lt;p&gt; It is generally the case, but &lt;i&gt;not&lt;i&gt; strictly required that {@code (compare(x, y)==0) == (x.equals(y))}. Generally speaking, any comparator that violates this condition should clearly indicate this fact. The recommended language is &quot;Note: this comparator imposes orderings that are inconsistent with equals.&quot;&lt;p&gt; In the foregoing description, the notation {@code sgn(}&lt;i&gt;expression&lt;i&gt;{@code )} designates the mathematical &lt;i&gt;signum&lt;i&gt; function, which is defined to return one of {@code -1}, {@code 0}, or {@code 1} according to whether the value of &lt;i&gt;expression&lt;i&gt; is negative, zero, or positive, respectively." />
      <item value="In the foregoing description, the notation {@code sgn(}&lt;i&gt;expression&lt;i&gt;{@code )} designates the mathematical &lt;i&gt;signum&lt;i&gt; function, which is defined to return one of {@code -1}, {@code 0}, or {@code 1} according to whether the value of &lt;i&gt;expression&lt;i&gt; is negative, zero, or positive, respectively." />
      <item value="Returns milliseconds since boot, including time spent in sleep. @return elapsed milliseconds since boot." />
      <item value="Atomically (i.e., in a non-cancellable way) schedules the coroutine for execution according to its context. This is similar to [DEFAULT], but the coroutine cannot be cancelled before it starts executing. Cancellability of coroutine at suspension points depends on the particular implementation details of suspending functions as in [DEFAULT]." />
      <item value="TODO: This path may need another consideration to not calculate the entire flex lines prior to the anchor position since it may cause noticeable amount of skipped frames. Another note: deciding anchor position for the anchor view assumes that prior flex lines are calculated otherwise the position of the view can't be decided. It may be possible that assumes the anchor view is always at the start of a flex line and calculate the rest of flex lines as user scrolls to the top (toward the start) incrementally, but that approach may lead to inconsistent anchor view position" />
      <item value="View cache within this LayoutManager. This is used to avoid the same ViewHolder is created multiple times in the same layout pass (onLayoutChildren or scrollHorizontally or scrollVertically). The keys and values in this cache needs to be cleared at the end of each layout pass." />
      <item value="Indicates the position that the view position that the flex line which has the view having this position needs to be recomputed before the next layout. For example, this is updated when a new View is inserted into the position before the first visible position." />
      <item value="Remove the already calculated flex lines from the fromIndex (either of anchor position or the position marked as dirty (last time the item was changed) and calculate beyond the available amount (visible area that needs to be filled)" />
      <item value="The position to which the next layout should start from this adapter position. This value is set either from the {@link mPendingSavedState} when a configuration change happens or programmatically such as when the {@link scrollToPosition(int)} is called." />
      <item value="capabilities" />
      <item value="This is the class for text whose content and markup are immutable. For mutable markup, see {@link SpannableString}; for mutable text, see {@link SpannableStringBuilder}." />
      <item value="immutable" />
      <item value="use Poi Load View" />
      <item value="Encoder flag bit to omit all line terminators (i.e., the output will be on one long line)." />
      <item value="Constant for {@link getActionMasked}: The current gesture has been aborted. You will not receive any more points in it. You should treat this as an up event, but not perform any action that you normally would." />
      <item value="Span that replaces the text it's attached to with a {@link Drawable} that can be aligned with the bottom or with the baseline of the surrounding text." />
      <item value="INTENT EXTRA Open Directly From Wx Min I ur L" />
      <item value="Set whether to include extra space beyond font ascent and descent (which is needed to avoid clipping in some languages, such as Arabic and Kannada). The default is {@code true}." />
      <item value="pivot" />
      <item value="This class implements the Dual-Pivot Quicksort algorithm by Vladimir Yaroslavskiy, Jon Bentley, and Josh Bloch. The algorithm offers O(n log(n)) performance on many data sets that cause other quicksorts to degrade to quadratic performance, and is typically faster than traditional (one-pivot) Quicksort implementations. All exposed methods are package-private, designed to be invoked from public methods (in class Arrays) after performing any necessary array bounds checks and expanding parameters into the required forms. @author Vladimir Yaroslavskiy @author Jon Bentley @author Josh Bloch" />
      <item value="A [Fetcher] translates data into either an [ImageSource] or a [Drawable]. To accomplish this, fetchers fit into one of two types: - Uses the data as a key to fetch bytes from a remote source (e.g. network, disk) and exposes it as an [ImageSource] (e.g. [HttpUriFetcher]). - Reads the data directly and translates it into a [Drawable] (e.g. [BitmapFetcher])." />
      <item value="Return the masked action being performed, without pointer index information. Use {@link getActionIndex} to return the index associated with pointer actions. @return The action, such as {@link ACTION_DOWN} or {@link ACTION_POINTER_DOWN}." />
      <item value="Value to indicate that the default caching mechanism of RecyclerView should be used instead of explicitly prefetch and retain pages to either side of the current page. @see setOffscreenPageLimit(int)" />
      <item value="Set whether the cursor is visible. The default is true. Note that this property only makes sense for editable TextView. If IME is consuming the input, the cursor will always be invisible, visibility will be updated as the last state when IME does not consume the input anymore. @see isCursorVisible() @attr ref android.R.styleableTextView_cursorVisib" />
      <item value="Rounds this [Double] value to the nearest integer and converts the result to [Int]. Ties are rounded towards positive infinity. Special cases: - `x.roundToInt() == Int.MAX_VALUE` when `x &gt; Int.MAX_VALUE` - `x.roundToInt() == Int.MIN_VALUE` when `x &lt; Int.MIN_VALUE` @throws IllegalArgumentException when this value is `NaN`" />
    </histories>
    <option name="languageScores">
      <map>
        <entry key="CHINESE" value="177" />
        <entry key="DUTCH" value="1" />
        <entry key="ENGLISH" value="178" />
        <entry key="FRENCH" value="1" />
      </map>
    </option>
  </component>
</application>